,Max,AvgMax,Average,AvgMin,Min
2024-01-01,57.983193277310924,52.81046736175244,51.941569924835164,51.132345437859925,47.36842105263158
2024-01-02,57.97728374050042,52.760502599072694,51.89125224696571,51.07483404988098,47.33069232220336
2024-01-03,57.97137420368991,52.71053783639295,51.84093456909626,51.01732266190202,47.29296359177514
2024-01-04,57.96546466687941,52.66057307371321,51.79061689122681,50.95981127392307,47.25523486134692
2024-01-05,57.95955513006891,52.61060831103347,51.74029921335736,50.90229988594412,47.2175061309187
2024-01-06,57.9536455932584,52.560643548353724,51.68998153548791,50.84478849796517,47.17977740049048
2024-01-07,57.947736056447894,52.510678785673974,51.63966385761846,50.78727710998621,47.14204867006225
2024-01-08,57.94182651963739,52.46071402299423,51.58934617974901,50.729765722007265,47.10431993963403
2024-01-09,57.93591698282689,52.41074926031449,51.53902850187956,50.67225433402831,47.06659120920581
2024-01-10,57.93000744601638,52.36078449763475,51.488710824010106,50.61474294604936,47.02886247877759
2024-01-11,57.92409790920588,52.310819734955004,51.438393146140655,50.557231558070406,46.99113374834937
2024-01-12,57.91818837239537,52.26085497227526,51.388075468271204,50.49972017009146,46.95340501792115
2024-01-13,57.912278835584864,52.21089020959552,51.33775779040175,50.4422087821125,46.91567628749293
2024-01-14,57.906369298774365,52.160925446915776,51.2874401125323,50.38469739413355,46.87794755706471
2024-01-15,57.90045976196386,52.110960684236034,51.23712243466285,50.3271860061546,46.84021882663649
2024-01-16,57.89455022515335,52.060995921556284,51.1868047567934,50.26967461817565,46.80249009620826
2024-01-17,57.888640688342846,52.01103115887654,51.13648707892395,50.2121632301967,46.76476136578004
2024-01-18,57.88273115153234,51.9610663961968,51.0861694010545,50.154651842217746,46.72703263535182
2024-01-19,57.87682161472184,51.911101633517056,51.03585172318505,50.0971404542388,46.6893039049236
2024-01-20,57.870912077911335,51.86113687083731,50.985534045315596,50.03962906625984,46.65157517449538
2024-01-21,57.86500254110083,51.81117210815757,50.935216367446145,49.98211767828089,46.61384644406716
2024-01-22,57.85909300429032,51.76120734547783,50.884898689576694,49.92460629030194,46.576117713638936
2024-01-23,57.853183467479816,51.711242582798086,50.83458101170724,49.86709490232299,46.538388983210716
2024-01-24,57.84727393066932,51.66127782011834,50.78426333383779,49.809583514344034,46.500660252782495
2024-01-25,57.84136439385881,51.6113130574386,50.73394565596834,49.752072126365086,46.462931522354275
2024-01-26,57.835454857048305,51.56134829475886,50.68362797809889,49.69456073838613,46.425202791926054
2024-01-27,57.8295453202378,51.51138353207911,50.63331030022944,49.63704935040718,46.38747406149783
2024-01-28,57.82363578342729,51.461418769399366,50.58299262235999,49.579537962428226,46.349745331069606
2024-01-29,57.81772624661679,51.41145400671962,50.53267494449054,49.52202657444928,46.312016600641385
2024-01-30,57.81181670980629,51.36148924403988,50.48235726662109,49.46451518647032,46.274287870213165
2024-01-31,57.80590717299578,51.31152448136014,50.432039588751636,49.407003798491374,46.236559139784944
2024-02-01,57.80590717299578,51.31152448136014,50.432039588751636,49.407003798491374,46.236559139784944
2024-02-02,57.71845130457246,51.31220798322767,50.42375299169206,49.3939256265942,46.138925772605376
2024-02-03,57.63099543614914,51.31289148509521,50.41546639463249,49.380847454697026,46.04129240542581
2024-02-04,57.54353956772582,51.31357498696274,50.40717979757291,49.367769282799856,45.943659038246246
2024-02-05,57.4560836993025,51.314258488830276,50.398893200513335,49.354691110902685,45.84602567106668
2024-02-06,57.368627830879184,51.31494199069781,50.39060660345376,49.34161293900551,45.74839230388711
2024-02-07,57.281171962455865,51.315625492565346,50.38232000639419,49.32853476710834,45.65075893670754
2024-02-08,57.19371609403255,51.31630899443288,50.374033409334615,49.31545659521116,45.55312556952797
2024-02-09,57.10626022560923,51.316992496300415,50.365746812275034,49.30237842331399,45.4554922023484
2024-02-10,57.018804357185914,51.31767599816795,50.35746021521546,49.28930025141682,45.35785883516884
2024-02-11,56.931348488762595,51.318359500035484,50.34917361815589,49.27622207951964,45.26022546798927
2024-02-12,56.843892620339275,51.31904300190302,50.340887021096314,49.26314390762247,45.162592100809704
2024-02-13,56.756436751915956,51.31972650377055,50.332600424036734,49.2500657357253,45.064958733630135
2024-02-14,56.66898088349264,51.32041000563809,50.32431382697716,49.23698756382812,44.96732536645057
2024-02-15,56.58152501506932,51.32109350750562,50.31602722991759,49.22390939193095,44.869691999271
2024-02-16,56.494069146646,51.32177700937315,50.307740632858014,49.21083122003378,44.772058632091436
2024-02-17,56.40661327822268,51.322460511240685,50.29945403579844,49.197753048136605,44.67442526491187
2024-02-18,56.31915740979936,51.32314401310822,50.29116743873886,49.184674876239434,44.5767918977323
2024-02-19,56.23170154137604,51.323827514975754,50.28288084167929,49.171596704342264,44.47915853055273
2024-02-20,56.14424567295272,51.32451101684329,50.27459424461971,49.158518532445086,44.38152516337316
2024-02-21,56.0567898045294,51.32519451871082,50.26630764756014,49.145440360547916,44.2838917961936
2024-02-22,55.96933393610609,51.32587802057836,50.25802105050056,49.132362188650745,44.18625842901403
2024-02-23,55.88187806768277,51.32656152244589,50.249734453440986,49.11928401675357,44.08862506183446
2024-02-24,55.79442219925945,51.32724502431343,50.24144785638141,49.1062058448564,43.990991694654895
2024-02-25,55.70696633083613,51.32792852618096,50.23316125932184,49.09312767295922,43.893358327475326
2024-02-26,55.61951046241281,51.3286120280485,50.224874662262266,49.08004950106205,43.79572496029576
2024-02-27,55.53205459398949,51.32929552991603,50.216588065202686,49.06697132916488,43.698091593116196
2024-02-28,55.44459872556617,51.329979031783566,50.20830146814311,49.0538931572677,43.60045822593663
2024-02-29,55.357142857142854,51.3306625336511,50.20001487108354,49.04081498537053,43.50282485875706
2024-03-01,55.357142857142854,51.3306625336511,50.20001487108354,49.04081498537053,43.50282485875706
2024-03-02,55.357142857142854,51.302892923320826,50.14423976365711,48.96271831081758,43.45928175652874
2024-03-03,55.357142857142854,51.27512331299056,50.088464656230684,48.88462163626463,43.41573865430042
2024-03-04,55.357142857142854,51.247353702660284,50.03268954880426,48.80652496171168,43.37219555207211
2024-03-05,55.357142857142854,51.21958409233001,49.97691444137782,48.72842828715873,43.32865244984379
2024-03-06,55.357142857142854,51.19181448199974,49.921139333951395,48.65033161260578,43.28510934761547
2024-03-07,55.357142857142854,51.16404487166947,49.86536422652497,48.57223493805283,43.24156624538715
2024-03-08,55.357142857142854,51.13627526133919,49.80958911909854,48.49413826349988,43.198023143158835
2024-03-09,55.357142857142854,51.10850565100892,49.75381401167211,48.416041588946925,43.154480040930515
2024-03-10,55.357142857142854,51.08073604067865,49.69803890424568,48.33794491439398,43.110936938702196
2024-03-11,55.357142857142854,51.05296643034838,49.64226379681925,48.25984823984103,43.067393836473876
2024-03-12,55.357142857142854,51.0251968200181,49.58648868939282,48.181751565288074,43.02385073424556
2024-03-13,55.357142857142854,50.997427209687835,49.530713581966396,48.10365489073513,42.980307632017244
2024-03-14,55.357142857142854,50.96965759935756,49.47493847453997,48.025558216182176,42.936764529788924
2024-03-15,55.357142857142854,50.941887989027286,49.41916336711354,47.947461541629224,42.893221427560604
2024-03-16,55.357142857142854,50.91411837869701,49.36338825968711,47.86936486707627,42.84967832533229
2024-03-17,55.357142857142854,50.886348768366744,49.30761315226068,47.791268192523326,42.80613522310397
2024-03-18,55.357142857142854,50.85857915803647,49.25183804483425,47.71317151797037,42.76259212087565
2024-03-19,55.357142857142854,50.830809547706195,49.196062937407824,47.63507484341742,42.71904901864733
2024-03-20,55.357142857142854,50.80303993737593,49.140287829981396,47.556978168864475,42.67550591641901
2024-03-21,55.357142857142854,50.775270327045654,49.08451272255497,47.47888149431152,42.6319628141907
2024-03-22,55.357142857142854,50.74750071671538,49.028737615128534,47.40078481975857,42.58841971196238
2024-03-23,55.357142857142854,50.71973110638511,48.97296250770211,47.322688145205625,42.54487660973406
2024-03-24,55.357142857142854,50.69196149605484,48.91718740027568,47.24459147065267,42.50133350750574
2024-03-25,55.357142857142854,50.66419188572456,48.86141229284925,47.16649479609972,42.45779040527743
2024-03-26,55.357142857142854,50.636422275394295,48.805637185422825,47.088398121546774,42.41424730304911
2024-03-27,55.357142857142854,50.60865266506402,48.7498620779964,47.01030144699382,42.37070420082079
2024-03-28,55.357142857142854,50.58088305473375,48.69408697056997,46.93220477244087,42.32716109859247
2024-03-29,55.357142857142854,50.55311344440347,48.638311863143535,46.85410809788792,42.28361799636416
2024-03-30,55.357142857142854,50.525343834073205,48.58253675571711,46.77601142333497,42.24007489413584
2024-03-31,55.357142857142854,50.49757422374293,48.52676164829068,46.69791474878202,42.19653179190752
2024-04-01,55.357142857142854,50.49757422374293,48.52676164829068,46.69791474878202,42.19653179190752
2024-04-02,55.51170198033513,50.491227210335204,48.49567295093847,46.64804196156647,42.161357267642956
2024-04-03,55.666261103527404,50.48488019692748,48.46458425358626,46.598169174350915,42.1261827433784
2024-04-04,55.82082022671968,50.47853318351975,48.43349555623404,46.548296387135366,42.09100821911384
2024-04-05,55.97537934991196,50.472186170112025,48.40240685888183,46.49842359991981,42.055833694849284
2024-04-06,56.12993847310424,50.4658391567043,48.37131816152962,46.44855081270426,42.02065917058472
2024-04-07,56.28449759629651,50.45949214329657,48.34022946417741,46.39867802548871,41.98548464632016
2024-04-08,56.43905671948879,50.453145129888846,48.3091407668252,46.34880523827316,41.950310122055605
2024-04-09,56.59361584268107,50.446798116481126,48.278052069472984,46.2989324510576,41.91513559779104
2024-04-10,56.748174965873346,50.4404511030734,48.246963372120774,46.249059663842054,41.87996107352648
2024-04-11,56.90273408906562,50.434104089665674,48.215874674768564,46.1991868766265,41.844786549261926
2024-04-12,57.057293212257896,50.42775707625795,48.184785977416354,46.14931408941095,41.809612024997364
2024-04-13,57.211852335450175,50.42141006285022,48.153697280064144,46.099441302195395,41.77443750073281
2024-04-14,57.366411458642446,50.415063049442495,48.122608582711926,46.049568514979846,41.73926297646825
2024-04-15,57.520970581834725,50.40871603603477,48.091519885359716,45.99969572776429,41.704088452203685
2024-04-16,57.675529705027,50.40236902262704,48.060431188007506,45.94982294054874,41.66891392793913
2024-04-17,57.83008882821928,50.396022009219315,48.029342490655296,45.89995015333319,41.63373940367457
2024-04-18,57.98464795141155,50.38967499581159,47.99825379330308,45.85007736611764,41.598564879410006
2024-04-19,58.13920707460383,50.38332798240386,47.96716509595087,45.80020457890208,41.56339035514545
2024-04-20,58.29376619779611,50.376980968996136,47.93607639859866,45.750331791686534,41.52821583088089
2024-04-21,58.44832532098838,50.37063395558841,47.90498770124645,45.70045900447098,41.493041306616334
2024-04-22,58.60288444418066,50.364286942180684,47.87389900389424,45.65058621725543,41.45786678235177
2024-04-23,58.75744356737294,50.357939928772964,47.84281030654202,45.600713430039875,41.42269225808721
2024-04-24,58.91200269056522,50.35159291536524,47.81172160918981,45.550840642824326,41.387517733822655
2024-04-25,59.06656181375749,50.34524590195751,47.7806329118376,45.50096785560877,41.35234320955809
2024-04-26,59.22112093694977,50.338898888549785,47.74954421448539,45.45109506839322,41.31716868529353
2024-04-27,59.375680060142045,50.33255187514206,47.71845551713318,45.40122228117767,41.281994161028976
2024-04-28,59.53023918333432,50.32620486173433,47.68736681978096,45.35134949396212,41.246819636764414
2024-04-29,59.684798306526595,50.319857848326606,47.65627812242875,45.30147670674657,41.21164511249986
2024-04-30,59.83935742971887,50.31351083491888,47.62518942507654,45.251603919531014,41.1764705882353
2024-05-01,59.83935742971887,50.31351083491888,47.62518942507654,45.251603919531014,41.1764705882353
2024-05-02,60.074292756013016,50.53504414220381,47.739429459196835,45.286851793387854,41.1531279178338
2024-05-03,60.30922808230715,50.75657744948873,47.85366949331712,45.322099667244686,41.12978524743231
2024-05-04,60.54416340860129,50.97811075677366,47.96790952743741,45.357347541101525,41.10644257703081
2024-05-05,60.77909873489543,51.19964406405858,48.082149561557706,45.392595414958365,41.08309990662932
2024-05-06,61.01403406118957,51.42117737134351,48.19638959567799,45.4278432888152,41.059757236227824
2024-05-07,61.24896938748371,51.64271067862843,48.310629629798285,45.463091162672036,41.036414565826334
2024-05-08,61.48390471377785,51.86424398591336,48.42486966391857,45.49833903652887,41.01307189542484
2024-05-09,61.71884004007199,52.08577729319829,48.539109698038864,45.53358691038571,40.989729225023346
2024-05-10,61.95377536636612,52.30731060048321,48.65334973215916,45.56883478424255,40.96638655462185
2024-05-11,62.188710692660266,52.52884390776814,48.76758976627944,45.60408265809938,40.94304388422036
2024-05-12,62.42364601895441,52.750377215053064,48.881829800399736,45.63933053195622,40.91970121381886
2024-05-13,62.65858134524854,52.97191052233799,48.99606983452003,45.67457840581306,40.89635854341737
2024-05-14,62.893516671542685,53.193443829622915,49.110309868640314,45.70982627966989,40.87301587301587
2024-05-15,63.12845199783682,53.414977136907844,49.22454990276061,45.74507415352673,40.84967320261438
2024-05-16,63.36338732413096,53.636510444192766,49.3387899368809,45.78032202738356,40.826330532212886
2024-05-17,63.598322650425104,53.858043751477695,49.453029971001186,45.8155699012404,40.80298786181139
2024-05-18,63.83325797671924,54.079577058762624,49.56727000512148,45.85081777509724,40.7796451914099
2024-05-19,64.06819330301337,54.301110366047546,49.681510039241765,45.88606564895407,40.7563025210084
2024-05-20,64.30312862930752,54.522643673332475,49.79575007336206,45.92131352281091,40.73295985060691
2024-05-21,64.53806395560166,54.7441769806174,49.90999010748235,45.95656139666775,40.70961718020541
2024-05-22,64.77299928189579,54.965710287902326,50.02423014160264,45.991809270524584,40.68627450980392
2024-05-23,65.00793460818994,55.187243595187255,50.13847017572293,46.02705714438142,40.662931839402425
2024-05-24,65.24286993448408,55.40877690247218,50.25271020984322,46.06230501823826,40.639589169000935
2024-05-25,65.47780526077821,55.630310209757106,50.36695024396351,46.097552892095095,40.61624649859944
2024-05-26,65.71274058707235,55.85184351704203,50.4811902780838,46.132800765951934,40.59290382819795
2024-05-27,65.9476759133665,56.07337682432696,50.59543031220409,46.16804863980877,40.56956115779645
2024-05-28,66.18261123966063,56.29491013161188,50.70967034632438,46.203296513665606,40.54621848739496
2024-05-29,66.41754656595477,56.51644343889681,50.82391038044467,46.238544387522445,40.52287581699346
2024-05-30,66.65248189224891,56.73797674618173,50.93815041456496,46.27379226137928,40.49953314659197
2024-05-31,66.88741721854305,56.95951005346666,51.05239044868525,46.30904013523612,40.476190476190474
2024-06-01,66.88741721854305,56.95951005346666,51.05239044868525,46.30904013523612,40.476190476190474
2024-06-02,66.84016977581089,57.02707401002892,51.152490245285705,46.40635821806996,40.61302681992337
2024-06-03,66.79292233307872,57.094637966591186,51.25259004188616,46.50367630090381,40.749863163656265
2024-06-04,66.74567489034656,57.16220192315345,51.35268983848661,46.60099438373766,40.88669950738916
2024-06-05,66.6984274476144,57.22976587971571,51.452789635087065,46.6983124665715,41.023535851122055
2024-06-06,66.65118000488224,57.297329836277974,51.55288943168752,46.795630549405345,41.16037219485495
2024-06-07,66.60393256215008,57.364893792840235,51.65298922828797,46.8929486322392,41.297208538587846
2024-06-08,66.55668511941792,57.432457749402495,51.753089024888425,46.99026671507304,41.43404488232074
2024-06-09,66.50943767668575,57.500021705964755,51.85318882148888,47.087584797906885,41.570881226053636
2024-06-10,66.46219023395359,57.56758566252702,51.95328861808933,47.18490288074073,41.70771756978653
2024-06-11,66.41494279122143,57.63514961908928,52.053388414689785,47.28222096357458,41.84455391351943
2024-06-12,66.36769534848926,57.70271357565154,52.15348821129024,47.379539046408425,41.98139025725232
2024-06-13,66.3204479057571,57.77027753221381,52.25358800789069,47.47685712924227,42.11822660098522
2024-06-14,66.27320046302495,57.83784148877607,52.353687804491145,47.57417521207612,42.25506294471811
2024-06-15,66.22595302029278,57.90540544533833,52.453787601091605,47.671493294909965,42.391899288451015
2024-06-16,66.17870557756062,57.9729694019006,52.55388739769206,47.76881137774381,42.52873563218391
2024-06-17,66.13145813482845,58.04053335846286,52.65398719429251,47.86612946057765,42.665571975916805
2024-06-18,66.08421069209629,58.10809731502512,52.754086990892965,47.963447543411505,42.8024083196497
2024-06-19,66.03696324936413,58.17566127158739,52.85418678749342,48.06076562624535,42.939244663382595
2024-06-20,65.98971580663196,58.24322522814965,52.95428658409387,48.15808370907919,43.07608100711549
2024-06-21,65.9424683638998,58.31078918471191,53.054386380694325,48.255401791913044,43.212917350848386
2024-06-22,65.89522092116765,58.378353141274175,53.15448617729478,48.35271987474689,43.34975369458128
2024-06-23,65.84797347843548,58.445917097836436,53.25458597389523,48.45003795758073,43.486590038314176
2024-06-24,65.80072603570332,58.513481054398696,53.354685770495685,48.54735604041458,43.62342638204707
2024-06-25,65.75347859297116,58.581045010960956,53.45478556709614,48.64467412324843,43.76026272577997
2024-06-26,65.70623115023899,58.648608967523224,53.55488536369659,48.74199220608227,43.89709906951286
2024-06-27,65.65898370750683,58.716172924085484,53.654985160297045,48.83931028891612,44.03393541324576
2024-06-28,65.61173626477468,58.783736880647744,53.7550849568975,48.93662837174996,44.17077175697865
2024-06-29,65.5644888220425,58.85130083721001,53.85518475349795,49.03394645458381,44.30760810071155
2024-06-30,65.51724137931035,58.91886479377227,53.955284550098405,49.13126453741766,44.44444444444444
2024-07-01,65.51724137931035,58.91886479377227,53.955284550098405,49.13126453741766,44.44444444444444
2024-07-02,65.41822721598002,58.86968521743865,53.95903259136032,49.175076432477844,44.49449449449449
2024-07-03,65.31921305264972,58.82050564110503,53.96278063262223,49.21888832753803,44.54454454454454
2024-07-04,65.22019888931939,58.77132606477141,53.96652867388414,49.26270022259822,44.5945945945946
2024-07-05,65.12118472598907,58.72214648843779,53.97027671514605,49.30651211765841,44.64464464464464
2024-07-06,65.02217056265874,58.672966912104165,53.974024756407964,49.350324012718595,44.69469469469469
2024-07-07,64.92315639932843,58.623787335770544,53.97777279766988,49.39413590777878,44.74474474474474
2024-07-08,64.82414223599811,58.57460775943692,53.981520838931786,49.43794780283897,44.7947947947948
2024-07-09,64.72512807266779,58.52542818310331,53.9852688801937,49.481759697899165,44.84484484484484
2024-07-10,64.62611390933746,58.47624860676969,53.98901692145561,49.52557159295935,44.89489489489489
2024-07-11,64.52709974600715,58.427069030436066,53.99276496271752,49.56938348801954,44.94494494494494
2024-07-12,64.42808558267683,58.377889454102444,53.99651300397944,49.61319538307973,44.994994994995
2024-07-13,64.3290714193465,58.32870987776882,54.000261045241345,49.657007278139915,45.04504504504504
2024-07-14,64.23005725601618,58.2795303014352,54.00400908650326,49.7008191732001,45.09509509509509
2024-07-15,64.13104309268587,58.23035072510158,54.00775712776517,49.74463106826029,45.14514514514514
2024-07-16,64.03202892935555,58.18117114876796,54.01150516902708,49.78844296332048,45.1951951951952
2024-07-17,63.93301476602523,58.13199157243434,54.015253210288996,49.832254858380665,45.24524524524524
2024-07-18,63.83400060269491,58.082811996100716,54.019001251550904,49.87606675344085,45.29529529529529
2024-07-19,63.73498643936459,58.033632419767095,54.02274929281282,49.91987864850104,45.34534534534534
2024-07-20,63.635972276034266,57.98445284343347,54.026497334074726,49.96369054356123,45.3953953953954
2024-07-21,63.53695811270395,57.93527326709985,54.03024537533664,50.007502438621415,45.44544544544544
2024-07-22,63.437943949373626,57.88609369076623,54.033993416598555,50.0513143336816,45.49549549549549
2024-07-23,63.33892978604331,57.83691411443261,54.03774145786046,50.09512622874179,45.545545545545544
2024-07-24,63.239915622712985,57.787734538098995,54.04148949912238,50.138938123801985,45.5955955955956
2024-07-25,63.14090145938267,57.738554961765374,54.045237540384285,50.18275001886217,45.645645645645644
2024-07-26,63.041887296052344,57.68937538543175,54.0489855816462,50.22656191392236,45.69569569569569
2024-07-27,62.94287313272203,57.64019580909813,54.052733622908114,50.27037380898255,45.745745745745744
2024-07-28,62.843858969391704,57.59101623276451,54.05648166417002,50.314185704042735,45.7957957957958
2024-07-29,62.74484480606139,57.54183665643089,54.06022970543194,50.35799759910292,45.845845845845844
2024-07-30,62.64583064273106,57.49265708009727,54.063977746693844,50.40180949416311,45.89589589589589
2024-07-31,62.546816479400746,57.443477503763646,54.06772578795576,50.4456213892233,45.945945945945944
2024-08-01,62.546816479400746,57.443477503763646,54.06772578795576,50.4456213892233,45.945945945945944
2024-08-02,62.46192259675406,57.38912255757223,54.05332655196216,50.472301330892414,45.955633052407244
2024-08-03,62.37702871410736,57.33476761138081,54.03892731596856,50.49898127256154,45.96532015886854
2024-08-04,62.29213483146067,57.280412665189395,54.02452807997496,50.52566121423065,45.97500726532984
2024-08-05,62.20724094881398,57.22605771899798,54.01012884398136,50.552341155899775,45.98469437179114
2024-08-06,62.122347066167286,57.171702772806555,53.99572960798776,50.57902109756889,45.99438147825244
2024-08-07,62.0374531835206,57.11734782661514,53.98133037199416,50.60570103923801,46.00406858471374
2024-08-08,61.95255930087391,57.06299288042372,53.96693113600056,50.63238098090713,46.01375569117504
2024-08-09,61.86766541822721,57.008637934232304,53.95253190000696,50.659060922576245,46.02344279763634
2024-08-10,61.78277153558052,56.95428298804089,53.93813266401336,50.68574086424537,46.03312990409764
2024-08-11,61.69787765293383,56.89992804184947,53.92373342801976,50.71242080591448,46.04281701055894
2024-08-12,61.61298377028714,56.845573095658054,53.90933419202616,50.739100747583606,46.05250411702024
2024-08-13,61.52808988764045,56.79121814946664,53.894934956032564,50.76578068925272,46.06219122348154
2024-08-14,61.44319600499376,56.73686320327522,53.880535720038964,50.792460630921845,46.07187832994284
2024-08-15,61.35830212234706,56.6825082570838,53.86613648404536,50.81914057259096,46.08156543640414
2024-08-16,61.27340823970037,56.62815331089239,53.85173724805176,50.84582051426008,46.09125254286545
2024-08-17,61.188514357053684,56.57379836470096,53.83733801205816,50.8725004559292,46.10093964932675
2024-08-18,61.10362047440699,56.519443418509546,53.82293877606456,50.899180397598315,46.11062675578805
2024-08-19,61.0187265917603,56.46508847231813,53.80853954007096,50.92586033926744,46.12031386224935
2024-08-20,60.93383270911361,56.41073352612671,53.79414030407737,50.95254028093655,46.13000096871065
2024-08-21,60.84893882646691,56.356378579935296,53.779741068083766,50.979220222605676,46.13968807517195
2024-08-22,60.764044943820224,56.30202363374388,53.765341832090165,51.00590016427479,46.149375181633246
2024-08-23,60.679151061173535,56.24766868755246,53.750942596096564,51.032580105943914,46.159062288094546
2024-08-24,60.59425717852684,56.193313741361045,53.736543360102964,51.05926004761303,46.168749394555846
2024-08-25,60.50936329588015,56.13895879516963,53.72214412410936,51.085939989282146,46.178436501017146
2024-08-26,60.42446941323346,56.084603848978205,53.70774488811576,51.11261993095127,46.188123607478445
2024-08-27,60.339575530586764,56.03024890278679,53.69334565212216,51.139299872620384,46.197810713939745
2024-08-28,60.254681647940075,55.97589395659537,53.67894641612857,51.16597981428951,46.207497820401045
2024-08-29,60.169787765293385,55.921539010403954,53.66454718013497,51.19265975595862,46.217184926862345
2024-08-30,60.08489388264669,55.86718406421254,53.65014794414137,51.219339697627746,46.226872033323644
2024-08-31,60.0,55.81282911802112,53.635748708147766,51.24601963929686,46.236559139784944
2024-09-01,60.0,55.81282911802112,53.635748708147766,51.24601963929686,46.236559139784944
2024-09-02,59.971850809289236,55.75998223287731,53.60915493386523,51.24826182676633,46.206167143821
2024-09-03,59.943701618578466,55.70713534773351,53.582561159582696,51.250504014235794,46.17577514785706
2024-09-04,59.9155524278677,55.654288462589705,53.55596738530016,51.252746201705264,46.145383151893114
2024-09-05,59.88740323715693,55.601441577445904,53.529373611017625,51.25498838917473,46.114991155929175
2024-09-06,59.85925404644617,55.548594692302096,53.50277983673509,51.2572305766442,46.08459915996523
2024-09-07,59.8311048557354,55.49574780715829,53.476186062452555,51.25947276411367,46.054207164001284
2024-09-08,59.80295566502463,55.44290092201449,53.44959228817002,51.26171495158313,46.023815168037345
2024-09-09,59.77480647431386,55.39005403687068,53.422998513887485,51.2639571390526,45.9934231720734
2024-09-10,59.7466572836031,55.33720715172688,53.39640473960495,51.26619932652206,45.96303117610946
2024-09-11,59.71850809289233,55.28436026658307,53.369810965322415,51.26844151399153,45.932639180145515
2024-09-12,59.690358902181565,55.23151338143927,53.34321719103988,51.270683701460996,45.902247184181576
2024-09-13,59.662209711470794,55.17866649629546,53.316623416757345,51.272925888930466,45.87185518821763
2024-09-14,59.63406052076003,55.125819611151655,53.290029642474806,51.275168076399936,45.841463192253684
2024-09-15,59.60591133004926,55.072972726007855,53.263435868192275,51.2774102638694,45.811071196289745
2024-09-16,59.577762139338496,55.02012584086405,53.236842093909736,51.27965245133887,45.7806792003258
2024-09-17,59.549612948627725,54.967278955720246,53.210248319627205,51.28189463880833,45.75028720436186
2024-09-18,59.52146375791696,54.91443207057644,53.183654545344666,51.2841368262778,45.719895208397915
2024-09-19,59.49331456720619,54.86158518543263,53.157060771062135,51.28637901374727,45.68950321243397
2024-09-20,59.46516537649543,54.80873830028883,53.130466996779596,51.288621201216735,45.65911121647003
2024-09-21,59.43701618578466,54.75589141514502,53.103873222497064,51.290863388686205,45.628719220506085
2024-09-22,59.40886699507389,54.70304453000122,53.077279448214526,51.29310557615567,45.598327224542146
2024-09-23,59.38071780436312,54.650197644857414,53.050685673931994,51.29534776362514,45.5679352285782
2024-09-24,59.35256861365236,54.59735075971361,53.024091899649456,51.2975899510946,45.53754323261426
2024-09-25,59.32441942294159,54.544503874569806,52.997498125366924,51.29983213856407,45.507151236650316
2024-09-26,59.296270232230825,54.491656989426,52.970904351084386,51.30207432603354,45.47675924068637
2024-09-27,59.268121041520054,54.4388101042822,52.944310576801854,51.304316513503004,45.44636724472243
2024-09-28,59.23997185080929,54.38596321913839,52.917716802519315,51.306558700972474,45.415975248758485
2024-09-29,59.21182266009852,54.33311633399459,52.891123028236784,51.30880088844194,45.38558325279455
2024-09-30,59.183673469387756,54.28026944885078,52.864529253954245,51.31104307591141,45.3551912568306
2024-10-01,59.183673469387756,54.28026944885078,52.864529253954245,51.31104307591141,45.3551912568306
2024-10-02,59.11360252255409,54.21206342641451,52.80546359483009,51.26520531804775,45.39415368730701
2024-10-03,59.043531575720415,54.14385740397824,52.746397935705936,51.21936756018409,45.43311611778343
2024-10-04,58.97346062888675,54.07565138154197,52.68733227658178,51.17352980232043,45.47207854825984
2024-10-05,58.90338968205308,54.007445359105695,52.62826661745762,51.12769204445677,45.511040978736254
2024-10-06,58.83331873521941,53.939239336669424,52.56920095833347,51.081854286593114,45.550003409212664
2024-10-07,58.76324778838574,53.87103331423315,52.51013529920931,51.036016528729455,45.58896583968908
2024-10-08,58.693176841552074,53.80282729179688,52.45106964008515,50.990178770865796,45.62792827016549
2024-10-09,58.62310589471841,53.73462126936061,52.39200398096099,50.94434101300214,45.66689070064191
2024-10-10,58.55303494788473,53.66641524692434,52.33293832183684,50.89850325513848,45.70585313111832
2024-10-11,58.482964001051066,53.598209224488066,52.273872662712684,50.85266549727482,45.744815561594734
2024-10-12,58.4128930542174,53.530003202051795,52.214807003588525,50.80682773941116,45.783777992071144
2024-10-13,58.342822107383725,53.46179717961552,52.155741344464374,50.7609899815475,45.82274042254756
2024-10-14,58.27275116055006,53.39359115717925,52.096675685340216,50.715152223683845,45.86170285302397
2024-10-15,58.20268021371639,53.32538513474298,52.03761002621606,50.669314465820186,45.90066528350039
2024-10-16,58.132609266882724,53.257179112306716,51.9785443670919,50.62347670795653,45.9396277139768
2024-10-17,58.06253832004905,53.188973089870444,51.91947870796775,50.57763895009287,45.97859014445321
2024-10-18,57.99246737321538,53.12076706743417,51.86041304884359,50.53180119222921,46.017552574929624
2024-10-19,57.92239642638172,53.0525610449979,51.80134738971943,50.48596343436555,46.056515005406034
2024-10-20,57.85232547954804,52.98435502256163,51.74228173059528,50.44012567650189,46.09547743588245
2024-10-21,57.782254532714376,52.91614900012536,51.68321607147112,50.394287918638234,46.13443986635886
2024-10-22,57.71218358588071,52.84794297768909,51.624150412346964,50.348450160774576,46.17340229683528
2024-10-23,57.642112639047035,52.779736955252815,51.56508475322281,50.30261240291092,46.21236472731169
2024-10-24,57.57204169221337,52.711530932816544,51.506019094098654,50.25677464504726,46.251327157788104
2024-10-25,57.5019707453797,52.64332491038027,51.446953434974496,50.2109368871836,46.290289588264514
2024-10-26,57.43189979854603,52.575118887944,51.387887775850345,50.16509912931994,46.32925201874093
2024-10-27,57.36182885171236,52.50691286550773,51.32882211672619,50.11926137145628,46.36821444921734
2024-10-28,57.29175790487869,52.43870684307146,51.26975645760203,50.073423613592624,46.40717687969376
2024-10-29,57.22168695804503,52.370500820635186,51.21069079847787,50.027585855728965,46.44613931017017
2024-10-30,57.15161601121135,52.302294798198915,51.15162513935372,49.98174809786531,46.485101740646584
2024-10-31,57.081545064377686,52.23408877576264,51.09255948022956,49.93591034000165,46.524064171122994
2024-11-01,57.081545064377686,52.23408877576264,51.09255948022956,49.93591034000165,46.524064171122994
2024-11-02,57.10035794643596,52.20865505225472,51.08124507621677,49.938212260931785,46.53387266999109
2024-11-03,57.11917082849425,52.1832213287468,51.069930672203974,49.940514181861914,46.543681168859194
2024-11-04,57.137983710552525,52.15778760523887,51.05861626819118,49.94281610279205,46.55348966772729
2024-11-05,57.1567965926108,52.13235388173095,51.04730186417838,49.94511802372218,46.563298166595395
2024-11-06,57.17560947466909,52.10692015822302,51.035987460165586,49.94741994465232,46.57310666546349
2024-11-07,57.194422356727365,52.081486434715096,51.02467305615279,49.94972186558245,46.58291516433159
2024-11-08,57.21323523878564,52.05605271120717,51.01335865214,49.952023786512584,46.59272366319969
2024-11-09,57.23204812084392,52.03061898769925,51.002044248127206,49.95432570744271,46.60253216206779
2024-11-10,57.250861002902205,52.005185264191326,50.99072984411441,49.95662762837285,46.612340660935885
2024-11-11,57.26967388496048,51.9797515406834,50.97941544010162,49.95892954930299,46.62214915980399
2024-11-12,57.28848676701876,51.95431781717548,50.96810103608882,49.961231470233116,46.631957658672086
2024-11-13,57.307299649077045,51.928884093667556,50.956786632076025,49.96353339116325,46.64176615754019
2024-11-14,57.32611253113532,51.90345037015963,50.94547222806323,49.96583531209338,46.651574656408286
2024-11-15,57.3449254131936,51.87801664665171,50.93415782405044,49.96813723302352,46.66138315527638
2024-11-16,57.363738295251885,51.85258292314378,50.922843420037644,49.97043915395365,46.67119165414449
2024-11-17,57.38255117731016,51.827149199635855,50.91152901602485,49.972741074883785,46.68100015301258
2024-11-18,57.40136405936844,51.80171547612793,50.90021461201206,49.975042995813915,46.69080865188068
2024-11-19,57.420176941426725,51.77628175262001,50.888900207999264,49.97734491674405,46.70061715074878
2024-11-20,57.438989823485,51.750848029112085,50.87758580398646,49.97964683767418,46.71042564961688
2024-11-21,57.45780270554328,51.72541430560416,50.86627139997367,49.98194875860432,46.720234148484984
2024-11-22,57.476615587601565,51.69998058209624,50.854956995960876,49.984250679534455,46.73004264735308
2024-11-23,57.49542846965984,51.674546858588315,50.84364259194808,49.986552600464584,46.73985114622118
2024-11-24,57.51424135171812,51.64911313508039,50.83232818793529,49.98885452139472,46.74965964508928
2024-11-25,57.5330542337764,51.62367941157247,50.821013783922496,49.99115644232485,46.75946814395738
2024-11-26,57.55186711583468,51.59824568806454,50.8096993799097,49.99345836325499,46.769276642825474
2024-11-27,57.57067999789296,51.572811964556614,50.7983849758969,49.99576028418512,46.77908514169358
2024-11-28,57.58949287995124,51.54737824104869,50.78707057188411,49.998062205115254,46.788893640561675
2024-11-29,57.60830576200952,51.52194451754077,50.775756167871315,50.00036412604538,46.79870213942978
2024-11-30,57.6271186440678,51.496510794032844,50.76444176385852,50.00266604697552,46.808510638297875
2024-12-01,57.6271186440678,51.496510794032844,50.76444176385852,50.00266604697552,46.808510638297875
2024-12-02,57.6271186440678,51.496510794032844,50.76444176385852,50.00266604697552,46.808510638297875
2024-12-03,57.6271186440678,51.496510794032844,50.76444176385852,50.00266604697552,46.808510638297875
2024-12-04,57.6271186440678,51.496510794032844,50.76444176385852,50.00266604697552,46.808510638297875
2024-12-05,57.6271186440678,51.496510794032844,50.76444176385852,50.00266604697552,46.808510638297875
2024-12-06,57.6271186440678,51.496510794032844,50.76444176385852,50.00266604697552,46.808510638297875
2024-12-07,57.6271186440678,51.496510794032844,50.76444176385852,50.00266604697552,46.808510638297875
2024-12-08,57.6271186440678,51.496510794032844,50.76444176385852,50.00266604697552,46.808510638297875
2024-12-09,57.6271186440678,51.496510794032844,50.76444176385852,50.00266604697552,46.808510638297875
2024-12-10,57.6271186440678,51.496510794032844,50.76444176385852,50.00266604697552,46.808510638297875
2024-12-11,57.6271186440678,51.496510794032844,50.76444176385852,50.00266604697552,46.808510638297875
2024-12-12,57.6271186440678,51.496510794032844,50.76444176385852,50.00266604697552,46.808510638297875
2024-12-13,57.6271186440678,51.496510794032844,50.76444176385852,50.00266604697552,46.808510638297875
2024-12-14,57.6271186440678,51.496510794032844,50.76444176385852,50.00266604697552,46.808510638297875
2024-12-15,57.6271186440678,51.496510794032844,50.76444176385852,50.00266604697552,46.808510638297875
2024-12-16,57.6271186440678,51.496510794032844,50.76444176385852,50.00266604697552,46.808510638297875
2024-12-17,57.6271186440678,51.496510794032844,50.76444176385852,50.00266604697552,46.808510638297875
2024-12-18,57.6271186440678,51.496510794032844,50.76444176385852,50.00266604697552,46.808510638297875
2024-12-19,57.6271186440678,51.496510794032844,50.76444176385852,50.00266604697552,46.808510638297875
2024-12-20,57.6271186440678,51.496510794032844,50.76444176385852,50.00266604697552,46.808510638297875
2024-12-21,57.6271186440678,51.496510794032844,50.76444176385852,50.00266604697552,46.808510638297875
2024-12-22,57.6271186440678,51.496510794032844,50.76444176385852,50.00266604697552,46.808510638297875
2024-12-23,57.6271186440678,51.496510794032844,50.76444176385852,50.00266604697552,46.808510638297875
2024-12-24,57.6271186440678,51.496510794032844,50.76444176385852,50.00266604697552,46.808510638297875
2024-12-25,57.6271186440678,51.496510794032844,50.76444176385852,50.00266604697552,46.808510638297875
2024-12-26,57.6271186440678,51.496510794032844,50.76444176385852,50.00266604697552,46.808510638297875
2024-12-27,57.6271186440678,51.496510794032844,50.76444176385852,50.00266604697552,46.808510638297875
2024-12-28,57.6271186440678,51.496510794032844,50.76444176385852,50.00266604697552,46.808510638297875
2024-12-29,57.6271186440678,51.496510794032844,50.76444176385852,50.00266604697552,46.808510638297875
2024-12-30,57.6271186440678,51.496510794032844,50.76444176385852,50.00266604697552,46.808510638297875
2024-12-31,57.6271186440678,51.496510794032844,50.76444176385852,50.00266604697552,46.808510638297875
